https://www.engineerrefe.com/2019/05/protection-of-industrial-power.html,Download Protection of Industrial Power Systems Second Edition by T. Davies in PDF format for free.
https://www.engineerrefe.com/2019/05/advanced-magnetic-and-optical.html,"Download Advanced Magnetic and Optical Materials by Ashutosh Tiwari, Parameswar K. Iyer, Vijay Kumar and Hendrik Swart in PDF format for  free."
https://www.engineerrefe.com/2019/01/electric-machines-modeling.html,"Download Electric Machines Modeling, Condition Monitoring and Fault Diagnosis by Hamid A. Toliyat easily in PDF format for free."
https://www.engineerrefe.com/2019/01/mechanical-design-of-electric.html,Download Mechanical Design of Electric Motors by Wei Tong easily in PDF format for free.
https://www.engineerrefe.com/2019/01/guide-to-electric-power.html,Download Guide to Electric Power Generation Second Edition by A.J. Pansini and K.D. Smalling easily in PDF format for free.
https://www.engineerrefe.com/2019/01/power-management-integrated.html,Download Power Management Integrated Circuits by Mona M. Hella and Patrick Mercier easily in PDF format for free.
https://www.engineerrefe.com/2019/01/electrical-engineering.html,Download Electrical Engineering Dictionary by Phillip A. Laplante easily in PDF format for free.
https://www.engineerrefe.com/2019/01/electrical-installation-work.html,Download Electrical Installation Work Sixth Edition by Brian Scaddan easily in PDF format for free.
https://www.engineerrefe.com/2019/01/basic-electrical-installation.html,Download Basic Electrical Installation Work 5th Edition by Trevor Linsley easily in PDF format for free.
https://www.engineerrefe.com/2019/01/basics-of-electrical.html,Download Basics of Electrical Engineering by Sanjeev Sharma easily in PDF format for free.
https://www.engineerrefe.com/2019/01/basic-electrical-engineering.html,Download Basic Electrical Engineering with Numerical Problems by P. S. Dhogal easily in PDF format for free.
https://www.engineerrefe.com/2019/01/power-quality-in-power-systems.html,Download Power Quality in Power Systems and Electrical Machines 2nd Edition by Mohammad A. S. Masoum and Ewald F. Fuchs easily in PDF format for free.
https://www.engineerrefe.com/2019/01/thermal-power-plant-pre.html,Download Thermal Power Plant Pre Operational Activities by Dipak K. Sarkar easily in PDF format for free.
https://www.engineerrefe.com/2019/01/renewable-energy-in-europe.html,Download Renewable Energy in Europe Second Edition Markets trends and technologies easily in PDF format for free.
https://www.engineerrefe.com/2019/01/dictionary-of-electrical.html,"Download Dictionary of Electrical Engineering, English, German, French, Dutch and Russian easily in PDF format for free."
https://www.engineerrefe.com/2019/01/basic-electrical-engineerin.html,Download Basic Electrical Engineering Fourth Edition by C. L. Wadhwa easily in PDF format for free.
https://www.engineerrefe.com/2019/01/theory-and-problems-of-basic.html,Download Theory and Problems of Basic Electrical Engineering by Jimmie J. Cathery and Syed A.Nasar easily in PDF format for free.
https://www.engineerrefe.com/2019/01/design-of-rotating-electrical.html,"Download Design of Rotating Electrical Machines by Juha Pyrhonen, Tapani Jokinen and Valeria Hrabovcova easily in PDF format for free."
https://www.engineerrefe.com/2019/01/electrical-installation.html,Download Electrical Installation Calculations Sixth Edition by A. J. Watkins and Chris Kitcher easily in PDF format for free.
https://www.engineerrefe.com/2019/01/electrical-installation-guide.html,Download Electrical Installation Guide 2013 According to IEC international standards easily in PDF format for free.
https://www.engineerrefe.com/2019/01/electrical-engineering-drawing.html,Download Electrical engineering drawing Second Edition by S.K. Bhattacharya easily in PDF format for free.
https://www.engineerrefe.com/2019/01/electric-power-transmission.html,Download Electric Power Transmission System Engineering Analysis and Design Second Edition by Turan Gönen easily in PDF format for free.
https://www.engineerrefe.com/2019/01/textbook-of-electrical.html,Download Textbook of Electrical Technology Volume 3 Transmission Distribution and Utilization by S. Chand easily in PDF format for free.
https://www.engineerrefe.com/2019/01/future-of-solar-energy.html,Download The Future of Solar Energy An Interdisciplinary MIT Study easily in PDF format for free.
https://www.engineerrefe.com/2019/01/electric-power-distributio.html,Download Electric Power Distribution Handbook Second Edition by T. A. Short easily in PDF format for free.
https://www.engineerrefe.com/2019/01/power-systems-third-edition.html,Download Power Systems Third Edition The Electric Power Engineering Handbook by Leonard L. Grigsby easily in PDF format for free.
https://www.engineerrefe.com/2019/01/electrical-circuit-theory-and-technology.html,Download Electrical Circuit Theory and Technology Fourth Edition by John Bird easily in PDF format for free.
https://www.engineerrefe.com/2019/01/wind-and-solar-power-systems.html,Donload Wind and Solar Power Systems Design Analysis and Operation Second Edition by Mukund R. Pate easily in PDF format for free.
https://www.engineerrefe.com/2019/01/teach-yourself-electricity-and-electronics.html,Download Teach Yourself Electricity and Electronics Third Edition by Stan Gibilisco easily in PDF format for free.
https://www.engineerrefe.com/2019/01/electric-circuits-foundations.html,Download Electric Circuits Foundations of Engineering Series by Peter Silvester easily in PDF format for free.
https://www.engineerrefe.com/2019/01/power-plant-engineering.html,Download Power Plant Engineering Third Edition by P. K. Nag easily in PDF format for free.
https://www.engineerrefe.com/2019/01/fundamentals-of-electrical.html,Download Fundamentals of Electrical Engineering by Charles A. Gross and Thaddeus A. Roppel easily in PDF format for free.
https://www.engineerrefe.com/2019/01/power-system-analysis-solution.html,Download Power System Analysis Solution Manual Second Edition by Hadi Saadat easily in PDF format for free.
https://www.engineerrefe.com/2019/01/autocad-electrical-2016-black.html,Download AutoCAD Electrical 2016 Black Book by Gaurav Verma easily in PDF format for free.
https://www.engineerrefe.com/2019/01/power-system-transients-theory.html,"Download Power System Transients Theory and Applications by Akihiro Ametani, Naoto Nagaoka, Yoshihiro Baba and Teruo Ohno easily in PDF format for free."
https://www.engineerrefe.com/2019/01/electrical-impedance.html,Download Electrical Impedance Principles Measurement  and Applications by Luca Callegaro easily in PDF format for free.
https://www.engineerrefe.com/2019/01/power-quality-issues-current.html,Download Power Quality Issues Current Harmonics by Suresh Mikkili and Anup Kumar Panda easily in PDF format for free.
https://www.engineerrefe.com/2019/01/power-plant-engineering-new.html,"Download Power Plant Engineering New Age by A.K.Raja, Amit Prakash and Manish Dwivedi easily in PDF format for free."
https://www.engineerrefe.com/2019/01/smart-grid-fundamentals-of-design.html,Download Smart Grid Fundamentals of Design and Analysis by James Momoh easily in PDF format for free.
https://www.engineerrefe.com/2019/01/cable-system-transients-theory.html,"Download Cable System Transients Theory Modeling, and Simulation by Akihiro Ametani, Teruo Ohno and Naoto Nagaoka easily in PDF format for free."
https://www.engineerrefe.com/2019/01/power-system-transients.html,Download Power System Transients Parameter Determination by Juan A. Martinez-Velasco easily in PDf format for free.
https://www.engineerrefe.com/2019/01/power-line-communications.html,"Download Power Line Communications Principles, Standards and Applications From Multimedia to Smart Grid, Second Edition by Lutz Lampe, Andrea M. Tonello, and Theo G. Swart easily in PDF format for free."
https://www.engineerrefe.com/2019/01/electric-power-generation.html,Download Electric Power Generation Transmission and Distribution Third Edition by Leonard L. Grigsby easily in PDF format for free.
https://www.engineerrefe.com/2019/01/electromagnetic-foundations.html,Download Electromagnetic Foundations of Electrical Engineering by J. A. Brandão Faria easily in PDF format for free.
https://www.engineerrefe.com/2019/01/understanding-facts-concepts-Technology-of-Flexible.html,Download Understanding Facts Concepts and Technology of Flexible AC Transmission Systems by Narain Hingoranl and Laszlo Gyugyi easily in PDF format for free.
https://www.engineerrefe.com/2019/01/electrical-insulation-for-rotating.html,"Download Electrical Insulation for Rotating Machines Design Evaluation Aging Testing and Repair by GREG, EDWARD, IAN and HUSSEIN DHIRANI easily in PDF format for free."
https://www.engineerrefe.com/2019/01/topological-foundations-of-Electromagnetism.html,"Download Topological Foundations Of Electromagnetism by Terence W Barrett easily in PDF format for free,"
https://www.engineerrefe.com/2019/01/basic-electrcal-engineering.html,Download Basic Electrical Engineering By C.L. Wadhwa easily in PDF format for free.
https://www.engineerrefe.com/2019/01/basic-electrical-engineeri.html,Download Basic Electrical Engineering Revised Edition by V.K. Mehta and Rohit Mehta easily in PDF format for free.
https://www.engineerrefe.com/2019/01/electrical-machines-drives-and-Power-Systems.html,Download Electrical Machines Drives and Power Systems Fifth Edition by Theodore Wildi easily in PDF format for free.
https://www.engineerrefe.com/2019/01/electrical-power-system-essentials.html,Download Electrical Power System Essentials by Pieter Schavemaker and Lou van der Sluis easily in PDF format for free.
https://www.engineerrefe.com/2019/01/principles-of-electric-Machines-with-Power-Electronic-Applications.html,Download Principles of Electric Machines with Power Electronic Applications 2nd Edition by Mohamed E. El-Hawary easily in PDF format for free.
https://www.engineerrefe.com/2019/01/electronic-circuits-Fundamentals-and-Applications.html,Download Electronic Circuits Fundamentals and Applications by Mike Tooley easily in PDF format for free.
https://www.engineerrefe.com/2019/01/electric-motors-and-drives-Fundamentals-Types-and-Applications.html,Download Electric Motors and Drives Fundamentals Types and Applications Fourth Edition by Austin Hughes and Bill Drury easily in PDF format for free.
https://www.engineerrefe.com/2019/01/power-quality-problems-and-Mitigation-Techniques.html,"Download Power Quality Problems and Mitigation Techniques by Bhim Singh, Ambrish Chandra and Kamal Al-Haddad easily in PDF format for free."
https://www.engineerrefe.com/2019/01/electrical-machines-with-MATLAB.html,Download Electrical Machines with MATLAB Second Edition By Turan Gonen easily in PDF format for free.
https://www.engineerrefe.com/2019/01/design-of-electrical.html,Download Design of Electrical Transmission Lines Structures and Foundations by Sriram Kalaga and Prasad Yenumula easily in PDF format for free.
https://www.engineerrefe.com/2019/01/model-predictive-control-of-high-power.html,Download Model Predictive Control of High Power Converters and Industrial Drives by Tobias Geyer easily in PDF format for free.
https://www.engineerrefe.com/2019/01/homeowners-diy-guide-to-electrical-wiring.html,Download The Homeowners DIY Guide to Electrical Wiring by David Herres easily in PDF format for free.
https://www.engineerrefe.com/2019/01/electricity-retail-wheeling.html,Download Electricity Retail Wheeling Handbook Second Edition by John M. Studebaker easily in PDF format for free.
https://www.engineerrefe.com/2019/01/pulse-width-modulation.html,Download Pulse Width Modulation For Power Converters Principles and Practice by Grahame Holmes and Thomas A. Lipo easily in PDF format for free.
https://www.engineerrefe.com/2019/01/handbook-of-electrical.html,Download Handbook of Electrical Installation Practice Fourth Edition by Geoffrey Stokes easily in PDF format for free.
https://www.engineerrefe.com/2019/01/operation-and-control-in-power.html,Download Operation and Control in Power Systems by P. S. R. Murty easily in PDF format for free.
https://www.engineerrefe.com/2019/01/switched-reluctance-motor.html,Download Switched Reluctance Motor Drives Modeling Simulation Analysis Design and Applications easily in PDF format for free.
https://www.engineerrefe.com/2019/01/applied-superconductivity.html,Download Applied Superconductivity Handbook on Devices and Applications by Paul Seidel easily in PDF format for free.
https://www.engineerrefe.com/2019/01/analysis-and-design-of-linear.html,Download The Analysis and Design of Linear Circuits Eighth Edition by Roland E. Thomas easily in PDF format for free.
https://www.engineerrefe.com/2019/01/electrical-engineerin.html,Download Electrical Engineering Principles and Applications Sixth Edition by Allan R. Hambley easily in PDF format for free.
https://www.engineerrefe.com/2019/01/transformer-engineering-design.html,Download Transformer Engineering Design Technology and Diagnostics Second Edition by S.V. Kulkarni and S.A. Khaparde easily in PDF format for free.
https://www.engineerrefe.com/2019/01/fundamentals-of-electric.html,Download Fundamentals of Electric Circuits Fifth Edition by Charles K. Alexander and Matthew N. O. Sadiku easily in PDF format for free.
https://www.engineerrefe.com/2019/01/electrical-distribution.html,Download Electrical Distribution Engineering 3rd Edition by Anthony J. Pansini easily in PDF format for free.
https://www.engineerrefe.com/2019/01/electromagnetic-compatibility.html,Download Electromagnetic Compatibility Methods Analysis Circuits and Measurement Third Edition by David A. Weston easily in PDF format for free
https://www.engineerrefe.com/2019/01/electrical-contacts-principles.html,Download Electrical Contacts Principles and Applications Second Edition By Paul G Slade easily in PDF format for free
https://www.engineerrefe.com/2019/01/electric-machinery-and-power.html,Download Electric Machinery and Power System Fundamentals Solutions Manual By Stephen Chapman easily in PDF format for free
https://www.engineerrefe.com/2019/01/electromagnetic-mechanical.html,Download Electromagnetic Mechanical and Transport Properties of Composite Materials By Rajinder Pal easily in PDF format for free.
https://www.engineerrefe.com/2019/01/combined-cycle-gas-and-steam.html,Download Combined Cycle Gas and Steam Turbine Power Plants Third Edtion By Rolf Keh and Frank Hannemann easily in PDF format for free
https://www.engineerrefe.com/2019/01/power-system-harmonics.html,Download Power System Harmonics Second Edition by J Arrillaga and N R Watson easily in PDF format for free.
https://www.engineerrefe.com/2019/01/hydroelectric-energy-renewable.html,Download Hydroelectric Energy Renewable Energy and the Environment by Bikash Pandey and Ajoy Karki easily in PDF format for free.
https://www.engineerrefe.com/2019/01/basic-electrical-installation-work.html,Download Basic Electrical Installation Work Fourth Edition by Trevor Linsley easily in PDF format for free.
https://www.engineerrefe.com/2019/01/renewable-energy-toolkit-for-affordable.html,"Download Renewable Energy Toolkit For Affordable Housing, Department of Housing and Urban Development Community Planning and Development (CPD) easily in PDF format for free."
https://www.engineerrefe.com/2019/01/energy-efficient-buildings.html,Download Energy Efficient Buildings with Solar and Geothermal Resources by Ursula Eicker easily in PDF format for free.
https://www.engineerrefe.com/2019/01/power-system-engineering.html,"Download Power System Engineering Planning, Design, and Operation of Power Systems and Equipment by Juergen Schlabbach easily in PDF format for free."
https://www.engineerrefe.com/2019/01/electrical-circuit-theory-and-technology-fifth-edition.html,Download Electrical Circuit Theory and Technology Fifth Edition by John Bird easily in PDF format for free.
https://www.engineerrefe.com/2019/01/electrical-circuit-theory-and-technology-sixth-edition.html,Download Electrical Circuit Theory and Technology Sixth edition by John Bird easily in PDF format for free.
https://www.engineerrefe.com/2019/01/electrical-circuit-theory-and-technology-second-edition.html,Download Electrical Circuit Theory and Technology Second Edition by John Bird easily in PDF format for free.
https://www.engineerrefe.com/2019/01/electrical-circuit-theory-and-technology-third-edition.html,Download Electrical Circuit Theory and Technology Third edition by John Bird easily in PDF format for free.
https://www.engineerrefe.com/2019/01/high-voltage-engineering.html,Download High Voltage Engineering Second Edition by C.L. Wadhwa easily in PDF format for free.
https://www.engineerrefe.com/2019/01/wind-energy-engineering.html,Download Wind Energy Engineering by Pramod Jain easily in PDF format for free.
https://www.engineerrefe.com/2019/01/high-performance-control-of-ac.html,Download High Performance Control of AC Drives with Matlab Simulink Models by Haitham Abu Rub easily in PDF format for free.
https://www.engineerrefe.com/2019/01/electric-circuits-and-signals.html,Download Electric Circuits and Signals by Nassir H. Sabah easily in PDF format for free.
https://www.engineerrefe.com/2019/01/electric-power-systems-fifth-edition.html,"Download Electric Power Systems Fifth Edition by B.M. Weedy, B.J. Cory, N. Jenkins, J.B. Ekanayake and G. Strbac easily in PDF format for free."
https://www.engineerrefe.com/2019/01/electric-power-distribution-reliability.html,Download Electric Power Distribution Reliability Second Edition by H. Lee Willis easily in PDF format for free.
https://www.engineerrefe.com/2019/01/variable-speed-ac-drives-with-inverter.html,"Download Variable Speed AC Drives with Inverter Output Filters by Jaroslaw Guzinski, Haitham Abu Rub and Patryk Strankowski easily in PDF format for free."
https://www.engineerrefe.com/2019/01/power-generation-operation-and-control.html,"Download Power Generation Operation and Control Third Edition by Allen J. Wood, Bruce F. Wollenberg and Gerald B. Sheble easily in PDF format for free."
https://www.engineerrefe.com/2019/01/switching-in-electrical.html,Download Switching in Electrical Transmission and Distribution Systems by Rene Smeets easily in PDF format for free.
https://www.engineerrefe.com/2019/01/theory-and-problems-of-electrical-mashines.html,Download Theory and Problems of Electrical Machines and Electro Mechanics Second Edition by Syed A. Nasar easily in PDF format for free.
https://www.engineerrefe.com/2019/01/electrical-wiring-commercial.html,Download Electrical Wiring Commercial Fifteenth Edition by Phil Simmons and Ray C. Mullin easily in PDF format for free.
https://www.engineerrefe.com/2019/01/electric-wiring-domestic.html,Download Electric Wiring Domestic Thirteenth edition by Brian Scaddan easily in PDF format for free.
https://www.engineerrefe.com/2019/01/basic-electrical-installat.html,Download Basic Electrical Installation Work Sixth Edition by Trevor Linsley easily in PDF format for free.
https://www.engineerrefe.com/2019/01/electrical-installatio.html,Download Electrical Installation Designs Fourth Edition by Bill Atkinson easily in PDF format for free.
https://www.engineerrefe.com/2019/01/electrical-engineering-know-it.html,Download Electrical Engineering Know It All easily in PDF format for free.
https://www.engineerrefe.com/2019/01/low-voltage-wiring-security.html,Download Low Voltage Wiring Security Fire Alarm Systems by Terry Kennedy and John E. Traister easily in PDF format for free.
https://www.engineerrefe.com/2019/01/understanding-dc-circuits.html,Download Understanding DC Circuits by Dale R. Patrick Stephen W. Fardo easily in PDF format for free.
https://www.engineerrefe.com/2019/01/electrical-power-systems.html,Download Electrical Power Systems by C. L. Wadhwa easily in PDF format for free.
https://www.engineerrefe.com/2019/01/mathematical-foundations-for-linear-circuits.html,Download Mathematical Foundations for Linear Circuits and Systems in Engineering by John J. Shynk easily in PDF format for free.
https://www.engineerrefe.com/2019/01/electric-wiring-domestic-tenth-edition.html,Download Electric Wiring Domestic Tenth Edition by A. J. Coker and W. Turner easily in PDF format for free.
https://www.engineerrefe.com/2019/01/electrical-wiring-industrial.html,Download Electrical Wiring Industrial Fifteenth Edition by Stephen L. Herman easily in PDF format for free.
https://www.engineerrefe.com/2019/01/practical-guide-to-wiring.html,Download A Practical Guide to the Wiring Regulations Fourth Edition by Geoffrey Stokes and John Bradley easily in PDF format for free.
https://www.engineerrefe.com/2019/01/practical-guide-to-inspection.html,Download Practical Guide to Inspection Testing and Certification of Electrical Installations Third Edition by Christopher Kitcher easily in PDF format for free.
https://www.engineerrefe.com/2019/01/handbook-of-electrical-design.html,Download Handbook of Electrical Design Details Second Edition by Neil Sclater and John E. Transter easily in PDF format for free.
https://www.engineerrefe.com/2019/01/flexible-ac-transmission.html,Download Flexible AC Transmission Systems FACTS Newton Power-Flow Modeling of Voltage-Sourced Converter Based Controllers by Suman Bhowmick easily in PDF format for free.
https://www.engineerrefe.com/2019/01/circuit-analysis-with-matlab.html,Download Circuit Analysis with MATLAB Applications by Steven T. Karris easily in PDF format for free.
https://www.engineerrefe.com/2019/01/electrical-power-cable.html,Download Electrical Power Cable Engineering Third Edition by William Thue easily in PDF format for free.
https://www.engineerrefe.com/2019/01/electrical-network-theory.html,Download Electrical Network Theory by Norman Balabanian and Theodore A. Bickart easily in PDF format for free.
https://www.engineerrefe.com/2019/01/electric-circuit-tenth-edition.html,Download Electric Circuit Tenth Edition by James W. Nilsson and Susan A. Riedel easily in PDF format for free.
https://www.engineerrefe.com/2019/01/step-by-step-guide-book-on-home-wiring.html,Download Step By Step Guide Book on Home Wiring Loaded with Simple Easy to Follow Wiring Diagrams easily in PDF format for free.
https://www.engineerrefe.com/2019/01/practical-guide-to-17th-of-the-wiring.html,Download  A Practical Guide to the 17th Edition of the Wiring Regulations by Christopher Kitcher  easily in PDF format for free.
https://www.engineerrefe.com/2019/01/power-system-analysis-and-design-fifth-edition.html,Download Power System Analysis and Design Fifth Edition by J. Duncan Glover and Mulukutla S. Sarma and Thomas J. Overbye easily in PDF format for free.
https://www.engineerrefe.com/2019/01/power-systems-analysis-second.html,Download Power Systems Analysis second Edition by Hadi Saadat easily in PDF format for free.
https://www.engineerrefe.com/2019/01/control-system-problems.html,Download Control System Problems Formulas Solutions and Simulation Tools by Anastasia Veloni and Alex Palamides easily in PDF format for free.
https://www.engineerrefe.com/2019/01/tools-for-electrical-wiring.html,Download Tools for Electrical Wiring easily in PDF format for free.
https://www.engineerrefe.com/2019/01/running-new-wire-current.html,Download Running New Wire Current with 2011-2013 Electrical Codes easily in PDF format for free.
https://www.engineerrefe.com/2019/01/electric-power-system.html,Download Electric Power System Applications of Optimization Second Edition by James A. Momoh easily in PDF format for free.
https://www.engineerrefe.com/2019/01/pulse-width-modulated-dc-dc.html,Download Pulse Width Modulated DC-DC Power Converters Second Edition by Marian K. Kazimierczuk easily in PDF format for free.
https://www.engineerrefe.com/2019/01/electric-power-systems.html,Download Electric Power Systems Advanced Forecasting Techniques and Optimal Generation Scheduling by Joao P. S. Catalao easily in PDF format for free.
https://www.engineerrefe.com/2019/01/operation-and-control-in-power-sys.html,Download Operation and Control in Power Systems by P. S. R. Murty easily in PDF format for free.
https://www.engineerrefe.com/2019/01/electrical-installat.html,Download Electrical Installation Designs Third Edition by Bill Atkinson easily in PDF format for free.
https://www.engineerrefe.com/2019/01/wind-energy-explained-theory.html,Download Wind Energy Explained Theory Design and Application Second Edition by J. F. Manwell and J. G. McGowan easily in PDF format for free.
https://www.engineerrefe.com/2019/01/industrial-power-distribution.html,Download Industrial Power Distribution Second Edition by Ralph E. Fehr easily in PDF format for free.
https://www.engineerrefe.com/2019/01/newnes-electrical-pocket-book.html,Download Newnes Electrical Pocket Book 23rd Edition by E. A. Reeves easily in PDF format for free.
https://www.engineerrefe.com/2019/01/reactive-power-compensation.html,Download Reactive Power Compensation A Practical Guide by Wolfgang Hofmann and Jurgen Schlabbach and Wolfgang Justauth easily in PDF format for free.
https://www.engineerrefe.com/2019/01/engineering-circuit-analysis.html,"Download Engineering Circuit Analysis Eighth Edition by William H. Hayt, Jack E. Kemmerly and Steven M. Durbin easily in PDF format for free."
https://www.engineerrefe.com/2019/01/electrical-transformers-and-power-equipment.html,Download Electrical Transformers and Power Equipment Third Edition by Anthony J. Pansini easily in PDF format for free.
https://www.engineerrefe.com/2019/01/renewable-energy-utilisation.html,Download Renewable Energy Utilisation and System Integration by Wenping Cao and Yihua Hu easily in PDF format for free.
https://www.engineerrefe.com/2019/01/electric-machines-and-drives.html,Download Electric Machines and Drives A First Course by NED MOHAN  easily in PDF format for free.
https://www.engineerrefe.com/2019/01/transactions-in-measurement.html,Download Transactions in Measurement and Control A Technical Reference by OMEGA easily in PDF format for free.
https://www.engineerrefe.com/2019/01/electrical-solutions-cabling.html,Download Electrical Solutions Cabling and Comminication Solutions easily in PDF format for free.
https://www.engineerrefe.com/2019/01/power-transmission-and-distribution.html,Download Power Transmission and Distribution Second Edition by Anthony J. Pansini easily in PDF format for free.
https://www.engineerrefe.com/2019/01/cables-facts-and-figures.html,Download Cables Facts and Figures easily in PDF format for free.
https://www.engineerrefe.com/2019/01/pulse-width-modulated-dc.html,Download Pulse width Modulated DC DC Power Converters by Marian K. Kazimierczuk easily in PDF format for free.
https://www.engineerrefe.com/2019/01/introductory-circuit-analysis.html,Download Introductory Circuit Analysis Tenth Edition easily in PDF format for free.
https://www.engineerrefe.com/2019/01/transmission-and-distribution.html,Download Transmission and Distribution Electrical Engineering Second Edition by C. R. Bayliss easily in PDF format for free.
https://www.engineerrefe.com/2019/01/textbook-of-electrical-tecnology.html,Download  A Textbook of Electrical Technology Volume I Basic Electrical Engineering by B.L. THERAJAa in PDF Format for free
https://www.engineerrefe.com/2019/01/fundamentals-of-electrica.html,Download Fundamentals of Electrical Engineering First Edition by Giorgio Rizzoni easily in PDF format for free.
https://www.engineerrefe.com/2019/01/fundamentals-of-electric-power.html,Download Fundamentals of Electrical Power Measurement easily in PDF format for free.
https://www.engineerrefe.com/2019/01/electric-wiring-domestic-twelfth-edition.html,Download Electric Wiring Domestic Twelfth Edition by B. Scaddan easily in PDF format for free.
https://www.engineerrefe.com/2019/01/electrical-technology-first-edition.html,Download Electrical Technology First Edition by V. A. Bakhshi easily in PDF format for free.
https://www.engineerrefe.com/2019/01/electrical-safety-and-health.html,Download Electrical Safety and Health for Electrical Trades Students Manual easily in PDF format for free.
https://www.engineerrefe.com/2019/01/solar-electricity-handbook.html,"Download Solar Electricity Handbook 2012 Edition A simple, Practical Guide to Solar Energy - Designing and Installing Photovolatic Solar Electric Systems easily in PDF format for free."
https://www.engineerrefe.com/2019/01/standard-textbook-of-electricity.html,Download Standard Textbook of Electricity Fifth Edition by Stephen L. Herman easily in PDF format for free.
https://www.engineerrefe.com/2019/01/control-of-induction-motors.html,Download Control of Induction Motors by Andrzej M. Trzynadlowski easily in PDF format for free.
https://www.engineerrefe.com/2019/01/advanced-electrical.html,Download Advanced Electrical Installation Work Fifth Edition by trevor linsley easily in PDF format for free.
https://www.engineerrefe.com/2019/01/ccw-continuously-corrugated.html,Download CCW Continuously Corrugated Welded Cable Armored Cable for Hazardous Locations easily in PDF format for free.
https://www.engineerrefe.com/2019/01/principles-of-power-systems.html,Download Principles of Power Systems Revised Edition by V.K. Mehta and Rohit Mehta easily in PDF format for free.
https://www.engineerrefe.com/2019/01/electrical-and-electronic.html,Download Electrical and Electronic Principles and Technology Third Edition by John Bird easily in PDF format for free.
https://www.engineerrefe.com/2019/01/transactions-in-measurement-and-control.html,Download Transactions in Measurement and Control easily in PDF format for free.
https://www.engineerrefe.com/2019/01/transformer-handbook.html,Download Transformer Handbook easily in PDF format for free.
https://www.engineerrefe.com/2019/01/aging-power-delivery.html,Download Aging Power Delivery Infrastructures Second Edition by H. Lee Willis and Randall R. Schrieber easily in PDF format for free.
https://www.engineerrefe.com/2019/01/laboratory-manual-for-pulse.html,Download Laboratory Manual for Pulse Width Modulated DC DC Power Converters by M. K. Kazimierczuk and A. Ayachit easily in PDF format for free.
https://www.engineerrefe.com/2019/01/standard-handbook-for-electrical-engineers.html,Download Standard Handbook for Electrical Engineers 16th Edition by H. Wayne Beaty and Donald G. Fink easily in PDF format for free.
https://www.engineerrefe.com/2019/01/power-plant-characteristic-and-costs.html,Download Power Plant Characteristic and Costs by Stan Kaplan easily in PDF format for free.
https://www.engineerrefe.com/2019/01/three-phase-electrical-power.html,Download Three Phase Electrical Power by Joseph E. Fleckenstein easily in PDF format for free.
https://www.engineerrefe.com/2019/01/industrial-electricity-and-motor.html,Download Industrial Electricity and Motor Controls Second Edition by Rex Miller and Mark R. Miller easily in PDF format for free.
https://www.engineerrefe.com/2019/01/linear-circuit-transfer.html,Download Linear Circuit Transfer Functions An Introduction to Fast Analytical Techniques by Christophe P. Basso easily in PDF format for free.
https://www.engineerrefe.com/2019/01/complete-laboratory-manual.html,Download The Complete Laboratory Manual for Electricity Third Edition by Stephen L. Herman easily in PDF format for free.
https://www.engineerrefe.com/2019/01/ac-power-systems-handbook.html,Download AC Power Systems Handbook Third Edition by Jerry C. Whitaker easily in PDF format for free.
https://www.engineerrefe.com/2019/01/motor-vehicle-engineering.html,Download Motor Vehicle Engineering Second Edition by Tom Denton easily in PDF format for free.
https://www.engineerrefe.com/2019/01/electrical-generation-and-distribution.html,Download Electrical Generation and Distribution Systems and Power Quality Disturbances 2nd Edition by Gregorio Romero easily in PDF format for free.
https://www.engineerrefe.com/2019/01/power-over-ethernet.html,Download Power over Ethernet Interoperability by Sanjaya Maniktala easily in PDF format for free.
https://www.engineerrefe.com/2019/01/electricity-and-electronics.html,Download Electricity and Electronics for Renewable Energy Technology by Ahmed Hemami easily in PDF format for free.
https://www.engineerrefe.com/2019/01/eastern-winds-emerging.html,Download Eastern winds Emerging European wind power markets Easilu In PDF Format For Free
https://www.engineerrefe.com/2019/01/electrical-hardware.html,Download Electrical Hardware Easily In PDF Format for free.
https://www.engineerrefe.com/2019/01/aerodynamics-of-wind-turbines.html,Download Aerodynamics of Wind Turbines 2nd Edition Martin O. L. Hansen Easily In PDF Format For Free
https://www.engineerrefe.com/2019/01/analysis-of-synchronous.html,Download Analysis of Synchronous Machines Second Edition by T. A. Lipo easily in PDF format for free.
https://www.engineerrefe.com/2019/01/electrical-power-by-w-j-r-h.html,Download Electrical Power by W. J. R. H. Pooler easily in PDF format for free.
https://www.engineerrefe.com/2019/01/backup-power-current-with-20112013-elec-code.html,Download Backup Power Current with 2011-2013 Electrical Codes easily in PDF format for free.
https://www.engineerrefe.com/2019/01/alternative-and-renewable.html,Download Alternative and Renewable Energy The Choice of a New Generation easily in PDF format for free.
https://www.engineerrefe.com/2019/01/electrical-conduction-in-graphene.html,Download Electrical Conduction in Graphene and Nanotubes by Shigeji Fujita and Akria Suzuki easily in PDF format for free.
https://www.engineerrefe.com/2019/01/power-system-dynamics.html,Download Power System Dynamics Stability and Control Second Edition by K. R. Padiyar easily in PDF format for free.
https://www.engineerrefe.com/2019/01/electrical-power-system.html,Download Electrical Power Systems Technology Third Edition by Stephen W. Fardo and Dale R. Patrick Easily In PDF Format For Free
https://www.engineerrefe.com/2019/01/electric-machinery.html,Download Electric Machinery Fundamentals Power and Energy By Stephen J. Chapman Easily In PDF Format For Free
https://www.engineerrefe.com/2019/01/planning-of-electric-power.html,Download Planning of Electric Power Distribution Technical Principles Easiy In PDF Format For Free
https://www.engineerrefe.com/2019/01/electrical-power-syst.html,Download Electrical Power Systems Design and Analysis by Mohamed E. El Hawary easily in PDF format for free.
https://www.engineerrefe.com/2019/01/power-plant-technology-by-mm.html,Download Power Plant Technology by M.M. EI Wakil Easily In PDF Format For Free
https://www.engineerrefe.com/2019/01/power-system-analysis.html,Download Power System Analysis Solutions Manual Easiy In PDF Format For Free
https://www.engineerrefe.com/2019/01/measurement-instrumentation.html,Download Measurement Instrumentation and Sensors Handbook 2nd Edition By John g Webster-compressed Easily In PDF Format For Free
https://www.engineerrefe.com/2019/01/electrical-engineering-questions.html,Download Electrical Engineering Questions with Answers 2017 Easily In PDF Format For Free
https://www.engineerrefe.com/2019/01/workshop-practice-series.html,Download Workshop practice series 11 Electroplating Easily In PDF Format For Free
https://www.engineerrefe.com/2019/01/electrical-installation-work-fourth-edition.html,Download Electrical Installation Work Fourth Edition by Brian Scaddan easily in PDF format for free.
https://www.engineerrefe.com/2019/01/advanced-electrica.html,Download Advanced Electrical Installation Work 6th Edition By Trevor Linsley Easily In PDF Format For Free
https://www.engineerrefe.com/2019/01/electric-vehicle-technology.html,Download Electric Vehicle Technology Explained by James Larminie and John Lowry easily in PDF format for free.
https://www.engineerrefe.com/2019/01/2015-wind-technologies-market.html,Download 2015 Wind Technologies Market Report easily in PDF format for free.
https://www.engineerrefe.com/2019/01/electric-generators-handbook.html,Download Electric Generators Handbook Variable Speed Generators Second Edition by Ion Boldea easily in PDF format for free
https://www.engineerrefe.com/2019/01/advanced-electric-drives.html,Download Advanced Electric Drives Analysis Control and Modeling Using MATLAB Simulink by Ned Mohan easily in PDF format for free.
https://www.engineerrefe.com/2019/01/autocad-electrical-2006.html,Download AutoCAD Electrical 2006 easily I PDF format for free.
https://www.engineerrefe.com/2019/01/how-it-works-amazing.html,Download How It Works Amazing Electricity easily in PDF format for free.
https://www.engineerrefe.com/2019/01/cabling-complete-guide-to-network.html,Download Cabling The Complete Guide to Network Wiring 2nd Edition By David Groth and Jim McBee  easily in PDF format for free t for free
https://www.engineerrefe.com/2019/01/electric-power-system-basics.html,Download Electric Power System Basics For the Nonelectrical Professionals by Steven W. Blume easily in PDF format for free.
https://www.engineerrefe.com/2019/01/uninterruptible-power-supplies.html,"Download Uninterruptible Power Supplies and Active Filters by Ali Emadi, Abdolhosein Nasiri and Stoyan B. Bekiarov easily in PDF format for free."
https://www.engineerrefe.com/2019/01/electric-machinery-fundamentals.html,Downoad Electric Machinery Fundamentals Fifth Edition By Stephen J. Chapman easily in PDF format for free
https://www.engineerrefe.com/2019/01/fe-review-manual-rapid.html,Download FE Review Manual Rapid Preparation for the General Fundamentals 2nd Edition By Michael R.Lindeburg easily in PDF format for free
https://www.engineerrefe.com/2019/01/how-to-test-almost-everything.html,Download How to Test Almost Everything Electronic Third Edition by Delton T. Horn easily in PDF format for free
https://www.engineerrefe.com/2019/01/smart-grids-infrastructure.html,Download Smart Grids Infrastructure Technology and Solutions by Stuart Borlase easily in PDF format for free.
https://www.engineerrefe.com/2019/01/introduction-to-rf-power.html,Download Introduction to RF Power Amplifier Design and Simulation By Abdullah Eroglu easily in PDF format for free
https://www.engineerrefe.com/2019/01/introduction-to-communication.html,Download Introduction to Communication Systems By Upamanyu Madhow University of California Santa Barbara  easily in PDF format for free
https://www.engineerrefe.com/2019/01/power-system-dynamic.html,Download Power System Dynamics and Control By Harry G. Kwatny and Karen Miu Miller easily in PDF format for free.
https://www.engineerrefe.com/2018/12/electrical-machines-and-drives.html,Download Electrical Machines and Drives Work Examples Second Edition By John Hindmarsh easily in PDF format for free
https://www.engineerrefe.com/2018/12/power-plant-control.html,Download Power Plant Control and Instrumentation the Control of Boilers easily in PDF format for free.
