1wIhS0QPuyEOWZrSnP0wtKHTWGCpbely_,  Protection of Industrial Power Systems Second Edition by T. Davies in PDF format for free.
 1ybYhXsSonRHzf5dMP0c6ym_aMAK16JW6,"  Advanced Magnetic and Optical Materials by Ashutosh Tiwari, Parameswar K. Iyer, Vijay Kumar and Hendrik Swart in PDF format for  free."
 1KttoKXB_YFaSXRzz8XH1FFPe_LD233Y7,"  Electric Machines Modeling, Condition Monitoring and Fault Diagnosis by Hamid A. Toliyat easily in PDF format for free."
 1RhvjPmGh3LNbX_B9RB6D57ddx9gc-JtY,  Mechanical Design of Electric Motors by Wei Tong easily in PDF format for free.
 1rBJ6yrrhY-wQXQOnyzM04Nr7-YpBKELM,  Guide to Electric Power Generation Second Edition by A.J. Pansini and K.D. Smalling easily in PDF format for free.
 1h6Zw6AKWC4oPztvtU1w54-RuqGLSM5Tc,  Power Management Integrated Circuits by Mona M. Hella and Patrick Mercier easily in PDF format for free.
 1Mulzr8vkZPHNJnv2RyDWJA3uokeISSSD,  Electrical Engineering Dictionary by Phillip A. Laplante easily in PDF format for free.
 1DU4VwDoFce6aj3W-78pzFIT6r1I8FLgG,  Electrical Installation Work Sixth Edition by Brian Scaddan easily in PDF format for free.
 1C41Mw4RT0lh2HxpWbvLYHTQyBOvKOSya,  Basic Electrical Installation Work 5th Edition by Trevor Linsley easily in PDF format for free.
 142GyDr_fH7PORbGLHH7JGFc7Ve6xsa9A,  Basics of Electrical Engineering by Sanjeev Sharma easily in PDF format for free.
 1iSH000hV3IkMQ8sITnO4IBTmbC9YZbYa,  Basic Electrical Engineering with Numerical Problems by P. S. Dhogal easily in PDF format for free.
 1Lp__Hc7UhHYOLJn8tHJKuPBvJiNASbIe,  Power Quality in Power Systems and Electrical Machines 2nd Edition by Mohammad A. S. Masoum and Ewald F. Fuchs easily in PDF format for free.
 14Y8MyHSW4C2ItHuQye6or9wfIoxXrPPJ,  Thermal Power Plant Pre Operational Activities by Dipak K. Sarkar easily in PDF format for free.
 1inrNKqymDAvHsFOuXAWCoKMjutuXMz-9,  Renewable Energy in Europe Second Edition Markets trends and technologies easily in PDF format for free.
 1lxgtipmMGTif4dDLEq8eFml9kN58pkQR,"  Dictionary of Electrical Engineering, English, German, French, Dutch and Russian easily in PDF format for free."
 1KZoHs_nXOP33E04bWRrp9GRTA8eYmTDb,  Basic Electrical Engineering Fourth Edition by C. L. Wadhwa easily in PDF format for free.
 1pSr2Tl6IQCHDc7KFLzZdasnoyqu2vcmo,  Theory and Problems of Basic Electrical Engineering by Jimmie J. Cathery and Syed A.Nasar easily in PDF format for free.
 1fsW4hPXp6V_zGESu0mEgKCabhTno5CKC,"  Design of Rotating Electrical Machines by Juha Pyrhonen, Tapani Jokinen and Valeria Hrabovcova easily in PDF format for free."
 1wyrOnqvwPZPwgXAuYTvzUNJ3uf5rpFMR,  Electrical Installation Calculations Sixth Edition by A. J. Watkins and Chris Kitcher easily in PDF format for free.
 17v3M0yHGimOe8MDaVtBsMH3_1d0oW3p6,  Electrical Installation Guide 2013 According to IEC international standards easily in PDF format for free.
 1bfe1VHAhhBqnJer61bDIiZbjxKk-tise,  Electrical engineering drawing Second Edition by S.K. Bhattacharya easily in PDF format for free.
 12qc4_2QhA8eYRH5CzwoBu866jR12sXJ7,  Electric Power Transmission System Engineering Analysis and Design Second Edition by Turan Gönen easily in PDF format for free.
 18GVa5W9ACPrwNcSJwRYNGNH8py3IavtU,  Textbook of Electrical Technology Volume 3 Transmission Distribution and Utilization by S. Chand easily in PDF format for free.
 1UaBNLp4fl4enAbonBuc4WQwEi4U2G_Ej,  The Future of Solar Energy An Interdisciplinary MIT Study easily in PDF format for free.
 1MR_pOb0EmN5jn8kVbEhQhqpoF0S8sLp8,  Electric Power Distribution Handbook Second Edition by T. A. Short easily in PDF format for free.
 1uqIGrWtqn82T3w9EhE1Ofz92zlMaSoT4,  Power Systems Third Edition The Electric Power Engineering Handbook by Leonard L. Grigsby easily in PDF format for free.
 1ktvqJeMItR3Ihfjt-UegeiBIFXZ4cIzj,  Electrical Circuit Theory and Technology Fourth Edition by John Bird easily in PDF format for free.
 1ZZ8uxNLbHMoVRtLtR8LOhKnGjBIZAD7l,Donload Wind and Solar Power Systems Design Analysis and Operation Second Edition by Mukund R. Pate easily in PDF format for free.
 1Ft_x4_vjoSlhrsZO7GS6yrwJVzB3X4oE,  Teach Yourself Electricity and Electronics Third Edition by Stan Gibilisco easily in PDF format for free.
 1_mH0MNwWv9EMbPN1kJxtjKSnAX5lTo57,  Electric Circuits Foundations of Engineering Series by Peter Silvester easily in PDF format for free.
 1DDJMlsRDBidkN831HrWR1Dumf6y1JdKx,  Power Plant Engineering Third Edition by P. K. Nag easily in PDF format for free.
 1euVbILwWUIjVawKb21I-2_bWUc1VWFsf,  Fundamentals of Electrical Engineering by Charles A. Gross and Thaddeus A. Roppel easily in PDF format for free.
 1l8lsxenMl9eI55Fq4qQqDup-i0nFLoS4,  Power System Analysis Solution Manual Second Edition by Hadi Saadat easily in PDF format for free.
 18fhnNVpCCmCcg8CpeOwtgINEDeO78tqM,  AutoCAD Electrical 2016 Black Book by Gaurav Verma easily in PDF format for free.
 159t_aXRUf3hOeDvcK-ED3PD38ZBhpl_o,"  Power System Transients Theory and Applications by Akihiro Ametani, Naoto Nagaoka, Yoshihiro Baba and Teruo Ohno easily in PDF format for free."
 14zKpPcRseDgzy6TZotz7AccukKbTD4JQ,  Electrical Impedance Principles Measurement  and Applications by Luca Callegaro easily in PDF format for free.
 14pRDo0GjXuK9FLzOvBHK6VcJSl19ckXw,  Power Quality Issues Current Harmonics by Suresh Mikkili and Anup Kumar Panda easily in PDF format for free.
 1vJy9U-ZRippwmTQ7IN3SlbZlD4cO6TTV,"  Power Plant Engineering New Age by A.K.Raja, Amit Prakash and Manish Dwivedi easily in PDF format for free."
 1A09Dx3TvH50BDhxlQ3B2TkFmkVIemEjN,  Smart Grid Fundamentals of Design and Analysis by James Momoh easily in PDF format for free.
 1tdtfD4dImv4Wyb-NB8nueIGFf8ZPjdc-,"  Cable System Transients Theory Modeling, and Simulation by Akihiro Ametani, Teruo Ohno and Naoto Nagaoka easily in PDF format for free."
 18dq6w0_NgkY4nRdeooWuAAd_NQOh13gz,  Power System Transients Parameter Determination by Juan A. Martinez-Velasco easily in PDf format for free.
 1K4sKk0DooL6rcA8othA6jCPuNWXe1gBM,"  Power Line Communications Principles, Standards and Applications From Multimedia to Smart Grid, Second Edition by Lutz Lampe, Andrea M. Tonello, and Theo G. Swart easily in PDF format for free."
 1aXdw_dzYqUcU9yxlmanw68drsKnhvmfs,  Electric Power Generation Transmission and Distribution Third Edition by Leonard L. Grigsby easily in PDF format for free.
 1NWL2ZV2yH7gvfbvB20eKOM8lqAcIzVJG,  Electromagnetic Foundations of Electrical Engineering by J. A. Brandão Faria easily in PDF format for free.
 1n8DadqkE5Ie3dRSzkfj00iWSRXNSTs7o,  Understanding Facts Concepts and Technology of Flexible AC Transmission Systems by Narain Hingoranl and Laszlo Gyugyi easily in PDF format for free.
 1M3TigOtXeLmXrohizT-42D5DLHaYuxHn,"  Electrical Insulation for Rotating Machines Design Evaluation Aging Testing and Repair by GREG, EDWARD, IAN and HUSSEIN DHIRANI easily in PDF format for free."
 1GdKFID2mm8opYiYBOuqNGsYxd9ZVlpUE,"  Topological Foundations Of Electromagnetism by Terence W Barrett easily in PDF format for free,"
 11ON9Ri7v0ozXolwvGzVt3EVi24aiWUno,  Basic Electrical Engineering By C.L. Wadhwa easily in PDF format for free.
 1UYVg6PkG-naOkfkIySSzkFnKn2KwtzV6,  Basic Electrical Engineering Revised Edition by V.K. Mehta and Rohit Mehta easily in PDF format for free.
 1md0MJ2C3JPgClqzfXawt5-lfQeG41EOP,  Electrical Machines Drives and Power Systems Fifth Edition by Theodore Wildi easily in PDF format for free.
 10ByMjmBc64hK9mG_vz6jHUHrVS5RtGws,  Electrical Power System Essentials by Pieter Schavemaker and Lou van der Sluis easily in PDF format for free.
 1DtCk0nWCpufOqhQdKPeOlrjXAalf3G3w,  Principles of Electric Machines with Power Electronic Applications 2nd Edition by Mohamed E. El-Hawary easily in PDF format for free.
 1So7hAFGgAECgXkuxJ_nIzE9lCaBhN2pM,  Electronic Circuits Fundamentals and Applications by Mike Tooley easily in PDF format for free.
 1Z_4J78MmEmOYnBIDZ5qBvxtN2C6UxLXH,  Electric Motors and Drives Fundamentals Types and Applications Fourth Edition by Austin Hughes and Bill Drury easily in PDF format for free.
 1PvlT9lJrf3wOeFIBBMmkUUwkHpnlcKLo,"  Power Quality Problems and Mitigation Techniques by Bhim Singh, Ambrish Chandra and Kamal Al-Haddad easily in PDF format for free."
 1hBnyJHnxtFWkqCz6jwK2gKBxKHVuqyMf,  Electrical Machines with MATLAB Second Edition By Turan Gonen easily in PDF format for free.
 1kgjsMBxritNSqhxtyck4Wj-RZv1BS8ux,  Design of Electrical Transmission Lines Structures and Foundations by Sriram Kalaga and Prasad Yenumula easily in PDF format for free.
 1xuT1uc9mStnCkdDlT38ZA4QwCnY-079m,  Model Predictive Control of High Power Converters and Industrial Drives by Tobias Geyer easily in PDF format for free.
 1oC2X9j9WunxfuE2UhjQvrHasbg0XjbGP,  The Homeowners DIY Guide to Electrical Wiring by David Herres easily in PDF format for free.
 10ftopkfUl-Kt8_C1F3KbUuBeS5blrNe_,  Electricity Retail Wheeling Handbook Second Edition by John M. Studebaker easily in PDF format for free.
 1makmoOIasyCVKijHsHfNev2fNJKyXzan,  Pulse Width Modulation For Power Converters Principles and Practice by Grahame Holmes and Thomas A. Lipo easily in PDF format for free.
 1Z_zDzqDqbTfqdZZYGMndH5s0_iU9Wy4R,  Handbook of Electrical Installation Practice Fourth Edition by Geoffrey Stokes easily in PDF format for free.
 1v3EMZ_vPjPzlAEJ0hc_1vvnkNf5JOd4B,  Operation and Control in Power Systems by P. S. R. Murty easily in PDF format for free.
 1qhD9q82ez_0BswIU1gvZZT5A2Esi3IDi,  Switched Reluctance Motor Drives Modeling Simulation Analysis Design and Applications easily in PDF format for free.
 1RyXizFOckuf22ear25bCsDlUGcCSVlST,  Applied Superconductivity Handbook on Devices and Applications by Paul Seidel easily in PDF format for free.
 1PIQWUu0QFNCvuO2Ho0_tp6ONKR7aB823,  The Analysis and Design of Linear Circuits Eighth Edition by Roland E. Thomas easily in PDF format for free.
 1sTBzUyxIvZSAWURz_aLpvwgB2aJkSsQV,  Electrical Engineering Principles and Applications Sixth Edition by Allan R. Hambley easily in PDF format for free.
 1lpDPA_4rFxMX1BkTw5ZeU1c97bbqMqZq,  Transformer Engineering Design Technology and Diagnostics Second Edition by S.V. Kulkarni and S.A. Khaparde easily in PDF format for free.
 1zjNO0HSuzXryNh2YmiwupilbjWKvBZRo,  Fundamentals of Electric Circuits Fifth Edition by Charles K. Alexander and Matthew N. O. Sadiku easily in PDF format for free.
 1pgjYPZ0VfwNbyUhOpUloDDbnokfUf4DV,  Electrical Distribution Engineering 3rd Edition by Anthony J. Pansini easily in PDF format for free.
 1t__ws7NwotPpWqwwRi4Csvrcg7B78mf-,  Electromagnetic Compatibility Methods Analysis Circuits and Measurement Third Edition by David A. Weston easily in PDF format for free
 1mwClBCyCgbJ-WMBjpmjW-uQ0B3vF7SJp,  Electrical Contacts Principles and Applications Second Edition By Paul G Slade easily in PDF format for free
 18OYvQbn216BZsgwgIRf6aR9JTMxB2GY5,  Electric Machinery and Power System Fundamentals Solutions Manual By Stephen Chapman easily in PDF format for free
 1Jm2G5KfFi7JLcZGlyZ3C_bd_Dk43ve5H,  Electromagnetic Mechanical and Transport Properties of Composite Materials By Rajinder Pal easily in PDF format for free.
 1UJWX4CiVKOFpWoWzs5bFOvPpO1An1wLN,  Combined Cycle Gas and Steam Turbine Power Plants Third Edtion By Rolf Keh and Frank Hannemann easily in PDF format for free
 1Y0JV3RfeTa-iRBWPv6QO4uEezvRHr1HE,  Power System Harmonics Second Edition by J Arrillaga and N R Watson easily in PDF format for free.
 1eqdoxakF3S0vV-tgY11sFs3sBk0I-Hfh,  Hydroelectric Energy Renewable Energy and the Environment by Bikash Pandey and Ajoy Karki easily in PDF format for free.
 1_7_msrF2Onkm7uLdgsF9DH3DCVlvOxvl,  Basic Electrical Installation Work Fourth Edition by Trevor Linsley easily in PDF format for free.
 1PY7YHKVmn3tkhXbBrJoLRKz50gIuMXjL,"  Renewable Energy Toolkit For Affordable Housing, Department of Housing and Urban Development Community Planning and Development (CPD) easily in PDF format for free."
 1HoU_LDG4j34Ya3A2Z3NXyaKaRtvokN38,  Energy Efficient Buildings with Solar and Geothermal Resources by Ursula Eicker easily in PDF format for free.
 1jVEN8Gy3TcZWzEMSq8x-ie4OChW-9ApF,"  Power System Engineering Planning, Design, and Operation of Power Systems and Equipment by Juergen Schlabbach easily in PDF format for free."
 1B_1-ueG9xzAaAbAYzqpRToPmyDELeCgO,  Electrical Circuit Theory and Technology Fifth Edition by John Bird easily in PDF format for free.
 1mZqF1-01zSdxDmcgiig2S3zlcrj1txme,  Electrical Circuit Theory and Technology Sixth edition by John Bird easily in PDF format for free.
 1cNjrYnGBMkLZs-zQMxa6k6jQNNQ_0CMH,  Electrical Circuit Theory and Technology Second Edition by John Bird easily in PDF format for free.
 1w-4FRYCqupCKHU2KnO0dkZKeNKZ_EP9_,  Electrical Circuit Theory and Technology Third edition by John Bird easily in PDF format for free.
 1onlibuTmY4vyLweQAyoPwEEvBZRkIljP,  High Voltage Engineering Second Edition by C.L. Wadhwa easily in PDF format for free.
 12iBK-2sPhGg8ZIuWfPRIi8CGwOJ1EB-z,  Wind Energy Engineering by Pramod Jain easily in PDF format for free.
 14mt24RHpE0kq6XT5MgnZfYIiWxNTVI39,  High Performance Control of AC Drives with Matlab Simulink Models by Haitham Abu Rub easily in PDF format for free.
 1OrQHLhPo8NJt8ANaSA7UCesN4oo7epKL,  Electric Circuits and Signals by Nassir H. Sabah easily in PDF format for free.
 1Dm_Y3mZIKrWf18MS88_xWwOB-8WkLf5X,"  Electric Power Systems Fifth Edition by B.M. Weedy, B.J. Cory, N. Jenkins, J.B. Ekanayake and G. Strbac easily in PDF format for free."
 1n9E5W_TtjbsbztIWAQTwAomY2N-k0Tre,  Electric Power Distribution Reliability Second Edition by H. Lee Willis easily in PDF format for free.
 1iAlrmbFQNzBmYVdl6_L18SLfTOLzzIg5,"  Variable Speed AC Drives with Inverter Output Filters by Jaroslaw Guzinski, Haitham Abu Rub and Patryk Strankowski easily in PDF format for free."
 1ACG-CRVuJnN8PEyAVO0j4jTdy0L2U2D-,"  Power Generation Operation and Control Third Edition by Allen J. Wood, Bruce F. Wollenberg and Gerald B. Sheble easily in PDF format for free."
 1iL3mN2M5gB-Mojbx-UER1taOMJMzKomn,  Switching in Electrical Transmission and Distribution Systems by Rene Smeets easily in PDF format for free.
 1FGCG8UoZYlNCIvlUbr2s4NF5bIJhPoCE,  Theory and Problems of Electrical Machines and Electro Mechanics Second Edition by Syed A. Nasar easily in PDF format for free.
 13PDSPkdi3UooPxkl1K1S5DEKrFeIRq5H,  Electrical Wiring Commercial Fifteenth Edition by Phil Simmons and Ray C. Mullin easily in PDF format for free.
 1FQIEaL2fgk-Th5RFwX_vTmQg2tluJEXb,  Electric Wiring Domestic Thirteenth edition by Brian Scaddan easily in PDF format for free.
 1XwaLrnQp5VK8x-1lIYl8J_rB5xLfDDDj,  Basic Electrical Installation Work Sixth Edition by Trevor Linsley easily in PDF format for free.
 1_V7tWgny55pRDsQTSr88KeSWahJgjfjo,  Electrical Installation Designs Fourth Edition by Bill Atkinson easily in PDF format for free.
 1KMpxmk7ASbPSnaEDjz37KgwFbscyMNB0,  Electrical Engineering Know It All easily in PDF format for free.
 1HBCVICwlCoBnF1ROKDtewfx9A2lF6syl,  Low Voltage Wiring Security Fire Alarm Systems by Terry Kennedy and John E. Traister easily in PDF format for free.
 1vAFfLv0UyJkuFRsopMM2YHG1_ip206Xm,  Understanding DC Circuits by Dale R. Patrick Stephen W. Fardo easily in PDF format for free.
 1OlDbzfaG2ZmF0E9OrFenKqznw7pGupPH,  Electrical Power Systems by C. L. Wadhwa easily in PDF format for free.
 17tFoYGhzgRA-1k6ve8gjVbsIrT-FcTrW,  Mathematical Foundations for Linear Circuits and Systems in Engineering by John J. Shynk easily in PDF format for free.
 1HEW6-ptbpK0-pEBsSiJ7luHByK8w8RHQ,  Electric Wiring Domestic Tenth Edition by A. J. Coker and W. Turner easily in PDF format for free.
 1arQc36A_MSup2cvCq5lIdNOoJfWcgezd,  Electrical Wiring Industrial Fifteenth Edition by Stephen L. Herman easily in PDF format for free.
 1pW4v2RDKemdCOw7iGv3jBI4-qTDbIwwG,  A Practical Guide to the Wiring Regulations Fourth Edition by Geoffrey Stokes and John Bradley easily in PDF format for free.
 1-bDsTcuVqi6VpyfAQA0WU2GjVbKf221z,  Practical Guide to Inspection Testing and Certification of Electrical Installations Third Edition by Christopher Kitcher easily in PDF format for free.
 1p8U5FJwb14cBFa947Yw2F23ps8bF82Rm,  Handbook of Electrical Design Details Second Edition by Neil Sclater and John E. Transter easily in PDF format for free.
 12tjSO9mSlGCuA6OT4a4QbalsNCr6PZQk,  Flexible AC Transmission Systems FACTS Newton Power-Flow Modeling of Voltage-Sourced Converter Based Controllers by Suman Bhowmick easily in PDF format for free.
 1z7HpNMT5s54n9we9r12fwfeBN2T9n47m,  Circuit Analysis with MATLAB Applications by Steven T. Karris easily in PDF format for free.
 1nCnt2OwIECFGcDyo7rc07imjm-LOwx35,  Electrical Power Cable Engineering Third Edition by William Thue easily in PDF format for free.
 18K6n6jAPUBQp8IyF_I5gEC8MrPmZNi_o,  Electrical Network Theory by Norman Balabanian and Theodore A. Bickart easily in PDF format for free.
 1pVIdaO0OHrka56110w0zPB0lQQPUn4lm,  Electric Circuit Tenth Edition by James W. Nilsson and Susan A. Riedel easily in PDF format for free.
 1lGi-XlJUqY_ldP8U80rOgY3SNtF4Ph60,  Step By Step Guide Book on Home Wiring Loaded with Simple Easy to Follow Wiring Diagrams easily in PDF format for free.
 19domyH7ABJv4ZUj6fyjFJNepKlzXg05Q,   A Practical Guide to the 17th Edition of the Wiring Regulations by Christopher Kitcher  easily in PDF format for free.
 14xUwm9xn9UPdxUIzd18xnxQTsrj185ZL,  Power System Analysis and Design Fifth Edition by J. Duncan Glover and Mulukutla S. Sarma and Thomas J. Overbye easily in PDF format for free.
 1TyuIdI2lPCw-VSQDIs948vjoWwwY9Av1,  Power Systems Analysis second Edition by Hadi Saadat easily in PDF format for free.
 1nqEKYEP1Mq6mkcZgUyhz0zwS5cXTTqBU,  Control System Problems Formulas Solutions and Simulation Tools by Anastasia Veloni and Alex Palamides easily in PDF format for free.
 1g5E4e3kF_HMt20qp2e5ipqA1F0lRyU4r,  Tools for Electrical Wiring easily in PDF format for free.
 1P7jvTU8rmSSs53z3DAEEIZWQgyg5X_S0,  Running New Wire Current with 2011-2013 Electrical Codes easily in PDF format for free.
 1Lh8D2xHVM138GjddL4uoakrUF1HJczTm,  Electric Power System Applications of Optimization Second Edition by James A. Momoh easily in PDF format for free.
 1AqenarsHrPz2kLq3DQIAlT1kr9F8Z7i1,  Pulse Width Modulated DC-DC Power Converters Second Edition by Marian K. Kazimierczuk easily in PDF format for free.
 1o5GDW4RVS9bi5-0yktOEAeR7_Aptnk0u,  Electric Power Systems Advanced Forecasting Techniques and Optimal Generation Scheduling by Joao P. S. Catalao easily in PDF format for free.
 1d9_23Lp-stpeosHCGAaNAw8T4O9iFtOQ,  Operation and Control in Power Systems by P. S. R. Murty easily in PDF format for free.
 1CEnKqH_N_FtAxRYP17cWLASSBuVDexhU,  Electrical Installation Designs Third Edition by Bill Atkinson easily in PDF format for free.
 1tDznF9boHo0ke3otomQ6AXgmgk67idqv,  Wind Energy Explained Theory Design and Application Second Edition by J. F. Manwell and J. G. McGowan easily in PDF format for free.
 1MC3kKTvrVHwhP535ImLYHv6tD7wxqR3M,  Industrial Power Distribution Second Edition by Ralph E. Fehr easily in PDF format for free.
 1Fztk6eIyLzFC-cMT4HX27XEwofSvNB9m,  Newnes Electrical Pocket Book 23rd Edition by E. A. Reeves easily in PDF format for free.
 1ymUI7ZLeU1EtPQDuR12G4DI_CSZdrZeP,  Reactive Power Compensation A Practical Guide by Wolfgang Hofmann and Jurgen Schlabbach and Wolfgang Justauth easily in PDF format for free.
 1fJOMCDKze86W6BBiLGQBXyYYd4kUcplf,"  Engineering Circuit Analysis Eighth Edition by William H. Hayt, Jack E. Kemmerly and Steven M. Durbin easily in PDF format for free."
 1iyVPfg6b040pATkJndr5ugTLL6WiYxic,  Electrical Transformers and Power Equipment Third Edition by Anthony J. Pansini easily in PDF format for free.
 1tjrlT9C48Mxe9OW1le6ffjt15e5AnaVB,  Renewable Energy Utilisation and System Integration by Wenping Cao and Yihua Hu easily in PDF format for free.
 1vzEFx6prUWcg-ZF8RdHMlMnrGpCUjFVF,  Electric Machines and Drives A First Course by NED MOHAN  easily in PDF format for free.
 1xtqiG6Z_pgbdYa_-9NjmnKAof09oLO4x,  Transactions in Measurement and Control A Technical Reference by OMEGA easily in PDF format for free.
 1yt5KmWLKc4xOsWPzM1pbTGtLiCBe844a,  Electrical Solutions Cabling and Comminication Solutions easily in PDF format for free.
 1_Uyx0burUS5RPnG0saHIRjjNkumsb8dl,  Power Transmission and Distribution Second Edition by Anthony J. Pansini easily in PDF format for free.
 1p4zBkvnxRNaFXqRZ6RwyoA5kx_yBoywA,  Cables Facts and Figures easily in PDF format for free.
 1b9HA5Bx4eOlCBuP53RjTvKSddIxIKjKd,  Pulse width Modulated DC DC Power Converters by Marian K. Kazimierczuk easily in PDF format for free.
 1Gq_lyJHm3t3v2gXAjHKpd_J4HbHOH4Vp,  Introductory Circuit Analysis Tenth Edition easily in PDF format for free.
 1Liq7SesgVyUSSeL-xP029_DW_0KfnvnG,  Transmission and Distribution Electrical Engineering Second Edition by C. R. Bayliss easily in PDF format for free.
 13KfuoIEXppsvQSJ_J5tMkJ3y-anq7728,   A Textbook of Electrical Technology Volume I Basic Electrical Engineering by B.L. THERAJAa in PDF Format for free
 17_3k_VNhwgJDQbwhc6c0bsK_jxalf81e,  Fundamentals of Electrical Engineering First Edition by Giorgio Rizzoni easily in PDF format for free.
 13UzAsFsapIeZacEGJk_xQoj5tLW_ONxH,  Fundamentals of Electrical Power Measurement easily in PDF format for free.
 1KaDv3DqWBsp69_QNltG4iAOzigB6v2yC,  Electric Wiring Domestic Twelfth Edition by B. Scaddan easily in PDF format for free.
 1r3_xgBgeuFzE6UHZcN5iwMSoEDM-eP_S,  Electrical Technology First Edition by V. A. Bakhshi easily in PDF format for free.
 1nJOd3c5ZTHbxukvYRiquNG_89bBzV3Yn,  Electrical Safety and Health for Electrical Trades Students Manual easily in PDF format for free.
 1mEYPTnBCujKuD1iA_ZN_giV25bG3HX40,"  Solar Electricity Handbook 2012 Edition A simple, Practical Guide to Solar Energy - Designing and Installing Photovolatic Solar Electric Systems easily in PDF format for free."
 1-A0JNjUGivXYDhVE2ZrU637hie0iI3E7,  Standard Textbook of Electricity Fifth Edition by Stephen L. Herman easily in PDF format for free.
 1q7iJvLEnqyB0ZTJO3s1uo8BKfPriESo-,  Control of Induction Motors by Andrzej M. Trzynadlowski easily in PDF format for free.
 10NJZA_DJf827nbDUdgqqSbiPQhZq9Jyj,  Advanced Electrical Installation Work Fifth Edition by trevor linsley easily in PDF format for free.
 1qt1IoHomiAVskBpUDYeVQVuYq8XLAhpx,  CCW Continuously Corrugated Welded Cable Armored Cable for Hazardous Locations easily in PDF format for free.
 1XNrGxIHEWsU9UIsp3Ibr4c0KH2btkOnK,  Principles of Power Systems Revised Edition by V.K. Mehta and Rohit Mehta easily in PDF format for free.
 1X-7K1QYs1hp3gLmVRQ0gaAvNWMT3tYUx,  Electrical and Electronic Principles and Technology Third Edition by John Bird easily in PDF format for free.
 197e4p8fQNKZ0R_8auBE6nnRjRNXM2o_x,  Transactions in Measurement and Control easily in PDF format for free.
 1MAscl2Ana6N2UJ4S4YWjVc_1lDxLV-ST,  Transformer Handbook easily in PDF format for free.
 1vzQY-__V4r_PwVEsja_pCxX3hhCOCe2P,  Aging Power Delivery Infrastructures Second Edition by H. Lee Willis and Randall R. Schrieber easily in PDF format for free.
 1uE9yx3pYHdoj0IZL9Ctc9NrAsSw88oQ8,  Laboratory Manual for Pulse Width Modulated DC DC Power Converters by M. K. Kazimierczuk and A. Ayachit easily in PDF format for free.
 1dgytWW6GEzTTY0-LSsMVtmMIwdQfzAu0,  Standard Handbook for Electrical Engineers 16th Edition by H. Wayne Beaty and Donald G. Fink easily in PDF format for free.
 1WpUK_oHc_m4fNLcmKhq3lA0qMJTcqfcw,  Power Plant Characteristic and Costs by Stan Kaplan easily in PDF format for free.
 1tJHJlQF3wx_Ze9EWHSVBZqn19FYqbOTT,  Three Phase Electrical Power by Joseph E. Fleckenstein easily in PDF format for free.
 1f50o75cx2l5AnHHl11IMnhhIXKctgdT_,  Industrial Electricity and Motor Controls Second Edition by Rex Miller and Mark R. Miller easily in PDF format for free.
 1QLnO0TJuQdmTfifvNK_vMQWiMNaUNrlC,  Linear Circuit Transfer Functions An Introduction to Fast Analytical Techniques by Christophe P. Basso easily in PDF format for free.
 1mctfHlg8JReaz6IbtUmNzPgs1bDohWD8,  The Complete Laboratory Manual for Electricity Third Edition by Stephen L. Herman easily in PDF format for free.
 1xSIpiJTcrU_Ut5yaCQmEyNsp5J7r9GZD,  AC Power Systems Handbook Third Edition by Jerry C. Whitaker easily in PDF format for free.
 1g738CbkS0l9Al_h_h1lkw1_DVrz6Xzn4,  Motor Vehicle Engineering Second Edition by Tom Denton easily in PDF format for free.
 1kxJfhpfY3x701ekwwRsmQDdFdkBD9hZQ,  Electrical Generation and Distribution Systems and Power Quality Disturbances 2nd Edition by Gregorio Romero easily in PDF format for free.
 19N9jsckWdwiHp_Ti-XYEmmhtHHSi47JZ,  Power over Ethernet Interoperability by Sanjaya Maniktala easily in PDF format for free.
 14kY6qybLGhTePKXu9g1BDukgJcyWMbAb,  Electricity and Electronics for Renewable Energy Technology by Ahmed Hemami easily in PDF format for free.
 1wxIIAQIoUR5lrPdEoj7_wGRUn4rFN_cb,  Eastern winds Emerging European wind power markets Easilu In PDF Format For Free
 1iWsQT5Vtl_B5q580kA6WiV6cakdTOgrq,  Electrical Hardware Easily In PDF Format for free.
 1J60Lu_BW_KXXnj_K5ih6JqOoghDTXzlR,  Aerodynamics of Wind Turbines 2nd Edition Martin O. L. Hansen Easily In PDF Format For Free
 1FXeotwtvu8IXqtoxyBzaLiryxS6lUSKV,  Analysis of Synchronous Machines Second Edition by T. A. Lipo easily in PDF format for free.
 1VNKNYpU5B1NzvZpHSY7NdIy8Qjy4jU36,  Electrical Power by W. J. R. H. Pooler easily in PDF format for free.
 1UT7BI9YBXwT6NJozvOE1ktnYoCE2Emr8,  Backup Power Current with 2011-2013 Electrical Codes easily in PDF format for free.
 16C07jz5d5spB8qUM_9l4MKSckl95EEaj,  Alternative and Renewable Energy The Choice of a New Generation easily in PDF format for free.
 1hEOHEcpeE3VsGwiuvASNg9pxfMyzfVsn,  Electrical Conduction in Graphene and Nanotubes by Shigeji Fujita and Akria Suzuki easily in PDF format for free.
 1K-9ksxvAZqekZ6hnFAk9gCXVqhq9-Gun,  Power System Dynamics Stability and Control Second Edition by K. R. Padiyar easily in PDF format for free.
 1ZjWNiCqtDAqEFAs162f_86PQxOBCsctG,  Electrical Power Systems Technology Third Edition by Stephen W. Fardo and Dale R. Patrick Easily In PDF Format For Free
 1oTBbwKqREtufS-yijKVYXEZPSs2Vd0hu,  Electric Machinery Fundamentals Power and Energy By Stephen J. Chapman Easily In PDF Format For Free
 1vCCb3YtEL_4dnoGq1bDiXUEIp6hAZkun,  Planning of Electric Power Distribution Technical Principles Easiy In PDF Format For Free
 1dknRAmSBJuPYOGyIKT-bfGTA1V11nHgH,  Electrical Power Systems Design and Analysis by Mohamed E. El Hawary easily in PDF format for free.
 1JjtAWrP088TJGBzAsNDiL6v_Rz9EAK4p,  Power Plant Technology by M.M. EI Wakil Easily In PDF Format For Free
 1fPakroTm4nnj-3P6JSJWwEBSvO9HjQyV,  Power System Analysis Solutions Manual Easiy In PDF Format For Free
 17lZ8JUPTv5lw4emil6k81o1MARLlRjpx,  Measurement Instrumentation and Sensors Handbook 2nd Edition By John g Webster-compressed Easily In PDF Format For Free
 143qfxSRRGI1YTnrI0OSg_P7P0JIxcLaW,  Electrical Engineering Questions with Answers 2017 Easily In PDF Format For Free
 12Am_W0q9KmTROt50Yke1zf4XVLooRuSK,  Workshop practice series 11 Electroplating Easily In PDF Format For Free
 1WjH6J6OdLnaLiktsdx2sTO1IeV16gcq9,  Electrical Installation Work Fourth Edition by Brian Scaddan easily in PDF format for free.
 19OuMgt4cJA16nmNeX7HqWjMr8xT8mqMQ,  Advanced Electrical Installation Work 6th Edition By Trevor Linsley Easily In PDF Format For Free
 1OFqlxvoiKs1HB4Ehw-d27eAc5yBZwno6,  Electric Vehicle Technology Explained by James Larminie and John Lowry easily in PDF format for free.
 1-N_8Rbp_CtYdxnKpZhBAF65l3OBG2_Aq,  2015 Wind Technologies Market Report easily in PDF format for free.
 1afUhwtJ6Tre8lc8hhXZqoMlFrLiqc4J3,  Electric Generators Handbook Variable Speed Generators Second Edition by Ion Boldea easily in PDF format for free
 1X25D2Kh6H3fXF5BNS6TY-fJOnqdz93UD,  Advanced Electric Drives Analysis Control and Modeling Using MATLAB Simulink by Ned Mohan easily in PDF format for free.
 1UckrRNrxSWZ4Ty6OfINOwJSug9sPXUUU,  AutoCAD Electrical 2006 easily I PDF format for free.
 1pJS34a84IggWuUYSQ7ejY9vBvbfbSMiL,  How It Works Amazing Electricity easily in PDF format for free.
 1E60HAUayTof1DrcIzKG9bIplhmIkLflc,  Cabling The Complete Guide to Network Wiring 2nd Edition By David Groth and Jim McBee  easily in PDF format for free t for free
 1zjIidlZMHq75c4kCHopQt7TMs6hCiyQ6,  Electric Power System Basics For the Nonelectrical Professionals by Steven W. Blume easily in PDF format for free.
 1aMtpY0CkB2DDogNXOBXGuGF4y0ORafTx,"  Uninterruptible Power Supplies and Active Filters by Ali Emadi, Abdolhosein Nasiri and Stoyan B. Bekiarov easily in PDF format for free."
 1CfSUqwMoo9DPAqdqRp1OoCBjRUciizdq,Electric Machinery Fundamentals Fifth Edition By Stephen J. Chapman easily in PDF format for free
 1GIPeEI200XAnZxPs8AcrQ746djzzt68X,  FE Review Manual Rapid Preparation for the General Fundamentals 2nd Edition By Michael R.Lindeburg easily in PDF format for free
 1IbmLpm-DSpLfUdgGpg477fDUEUb7xiED,  How to Test Almost Everything Electronic Third Edition by Delton T. Horn easily in PDF format for free
 1wmv2Wt_dj7y4Ls83KxRQZf0geEKCtMOy,  Smart Grids Infrastructure Technology and Solutions by Stuart Borlase easily in PDF format for free.
 1DjRZV37oVgyW5TY4Rfhi7Kql2lGDESzy,  Introduction to RF Power Amplifier Design and Simulation By Abdullah Eroglu easily in PDF format for free
 1i7VgskfXAi0AeuIsiEtLC8Ep_DXdiqZz,  Introduction to Communication Systems By Upamanyu Madhow University of California Santa Barbara  easily in PDF format for free
 1vQVqYicuSwWIfa7UqplVlhYcERRnp53q,  Power System Dynamics and Control By Harry G. Kwatny and Karen Miu Miller easily in PDF format for free.
 1EoY13SsVmrZxXB--MvaKfnLMvCazu7xP,  Electrical Machines and Drives Work Examples Second Edition By John Hindmarsh easily in PDF format for free
 1c9kCEED1pDUY-r26HR2gMgjiuXVyhs1u,  Power Plant Control and Instrumentation the Control of Boilers easily in PDF format for free.
